<countries>
<country>Afghanistan</country>
<country>Albania</country>
<country>Algeria</country>
<country>Andorra</country>
<country>Angola</country>
<country>Antigua and Barbuda</country>
<country>Argentina</country>
<country>Armenia</country>
<country>Australia</country>
<country>Austria</country>
<country>Azerbaijan</country>
<country>Bahamas</country>
<country>Bahrain</country>
<country>Bangladesh</country>
<country>Barbados</country>
<country>Belarus</country>
<country>Belgium</country>
<country>Belize</country>
<country>Benin</country>
<country>Bhutan</country>
<country>Bolivia</country>
<country>Bosnia and Herzegovina</country>
<country>Botswana</country>
<country>Brazil</country>
<country>Brunei</country>
<country>Bulgaria</country>
<country>BurkinaFaso</country>
<country>Burundi</country>
<country>Cambodia</country>
<country>Cameroon</country>
<country>Canada</country>
<country>Cape Verde</country>
<country>Central African Republic</country>
<country>Chad</country>
<country>Chile</country>
<country>China</country>
<country>Colombia</country>
<country>Comoros</country>
<country>Congo Brazzaville</country>
<country>Congo, Democratic Republic of the</country>
<country>Costa Rica</country>
<country>Côte d&apos;Ivoire</country>
<country>Croatia</country>
<country>Cuba</country>
<country>Cyprus</country>
<country>Czech Republic</country>
<country>Denmark</country>
<country>Djibouti</country>
<country>Dominica</country>
<country>DominicanRepublic</country>
<country>East Timor (Timor Timur)</country>
<country>Ecuador</country>
<country>Egypt</country>
<country>El Salvador</country>
<country>Equatorial Guinea</country>
<country>Eritrea</country>
<country>Estonia</country>
<country>Ethiopia</country>
<country>Fiji</country>
<country>Finland</country>
<country>France</country>
<country>Gabon</country>
<country>Gambia,The</country>
<country>Georgia</country>
<country>Germany</country>
<country>Ghana</country>
<country>Greece</country>
<country>Grenada</country>
<country>Guatemala</country>
<country>Guinea</country>
<country>Guinea-Bissau</country>
<country>Guyana</country>
<country>Haiti</country>
<country>Honduras</country>
<country>Hungary</country>
<country>Iceland</country>
<country>India</country>
<country>Indonesia</country>
<country>Iran</country>
<country>Iraq</country>
<country>Ireland</country>
<country>Israel</country>
<country>Italy</country>
<country>Jamaica</country>
<country>Japan</country>
<country>Jordan</country>
<country>Kazakhstan</country>
<country>Kenya</country>
<country>Kiribati</country>
<country>Korea, North</country>
<country>Korea, South</country>
<country>Kuwait</country>
<country>Kyrgyzstan</country>
<country>Laos</country>
<country>Latvia</country>
<country>Lebanon</country>
<country>Lesotho</country>
<country>Liberia</country>
<country>Libya</country>
<country>Liechtenstein</country>
<country>Lithuania</country>
<country>Luxembourg</country>
<country>Macedonia, Former Yugoslav Republic of</country>
<country>Madagascar</country>
<country>Malawi</country>
<country>Malaysia</country>
<country>Maldives</country>
<country>Mali</country>
<country>Malta</country>
<country>MarshallIslands</country>
<country>Mauritania</country>
<country>Mauritius</country>
<country>Mexico</country>
<country>Micronesia, Federated States of</country>
<country>Moldova</country>
<country>Monaco</country>
<country>Mongolia</country>
<country>Montenegro</country>
<country>Morocco</country>
<country>Mozambique</country>
<country>Myanmar</country>
<country>Namibia</country>
<country>Nauru</country>
<country>Nepal</country>
<country>Netherlands</country>
<country>NewZealand</country>
<country>Nicaragua</country>
<country>Niger</country>
<country>Nigeria</country>
<country>Norway</country>
<country>Oman</country>
<country>Pakistan</country>
<country>Palau</country>
<country>Panama</country>
<country>Papua New Guinea</country>
<country>Paraguay</country>
<country>Peru</country>
<country>Philippines</country>
<country>Poland</country>
<country>Portugal</country>
<country>Qatar</country>
<country>Romania</country>
<country>Russia</country>
<country>Rwanda</country>
<country>Saint Kitts and Nevis</country>
<country>Saint Lucia</country>
<country>Saint Vincent and The Grenadines</country>
<country>Samoa</country>
<country>SanMarino</country>
<country>Sao Tome and Principe</country>
<country>Saudi Arabia</country>
<country>Senegal</country>
<country>Serbia</country>
<country>Seychelles</country>
<country>SierraLeone</country>
<country>Singapore</country>
<country>Slovakia</country>
<country>Slovenia</country>
<country>Solomon Islands</country>
<country>Somalia</country>
<country>SouthAfrica</country>
<country>Spain</country>
<country>Sri Lanka</country>
<country>Sudan</country>
<country>Suriname</country>
<country>Swaziland</country>
<country>Sweden</country>
<country>Switzerland</country>
<country>Syria</country>
<country>Taiwan</country>
<country>Tajikistan</country>
<country>Tanzania</country>
<country>Thailand</country>
<country>Togo</country>
<country>Tonga</country>
<country>Trinidad and Tobago</country>
<country>Tunisia</country>
<country>Turkey</country>
<country>Turkmenistan</country>
<country>Tuvalu</country>
<country>Uganda</country>
<country>Ukraine</country>
<country>United Arab Emirates</country>
<country>United Kingdom</country>
<country>United States</country>
<country>Uruguay</country>
<country>Uzbekistan</country>
<country>Vanuatu</country>
<country>Vatican City</country>
<country>Venezuela</country>
<country>Vietnam</country>
<country>Western Sahara</country>
<country>Yemen</country>
<country>Zambia</country>
<country>Zimbabwe</country>
</countries>
