<?xml version="1.0" encoding="UTF-8" ?>
<?xml-stylesheet type="text/css" href="ch17_eg08.css" ?>
<review>
   <title>The Wrox Review</title>
   <pullQuote>If you want to learn XML, this is the book. You can get it from all good book shops or online at one of the major eTailers. And remember you can download all of the code from Wrox.com</pullQuote>
   <paragraph1>Extensible Markup Languages is a rapidly maturing technology
     with powerful real-world applications, particularly for the management,
     display, and transport of data. Together with its many related
     technologies, it has become the standard for data and document delivery
     on the web. <reference>Beginning XML</reference> is for any developer
     who is interested in learning to use <keyword>XML</keyword> in web,
     e-commerce, or data storage applications. Some knowledge of mark up,
     scripting, and/or object oriented programming languages is
     advantageous, but not essential, as the basis of these techniques is
     explained as required.</paragraph1>
   <paragraph2>Extensible Markup Lnaguages is a rapidly maturing technology
     with powerful real-world applications, particularly for the management,
     display, and transport of data. Together with its many related
     technologies, it has become the standard for data and document delivery
     on the web. <reference>Beginning XML</reference> is for any developer
     who is interested in learning to use <keyword>XML</keyword> in web,
     e-commerce, or data storage applications. Some knowledge of mark up,
     scripting, and/or object oriented programming languages is
     advantageous, but not essential, as the basis of these techniques is
     explained as required.</paragraph2>
</review>