<?xml version="1.0" encoding="UTF-8" ?>
<?xml-stylesheet type="text/css" href="ch17_eg17.css" ?> 
<page>
  <paragraph>The effect of a bulleted list is created using CSS.</paragraph>

  <list>
    <bulletPoint>Item one</bulletPoint>
    <bulletPoint>Item two</bulletPoint>
    <bulletPoint>Item three</bulletPoint>
     <list>
       <bulletPoint>Item three point one</bulletPoint>
       <bulletPoint>Item three point two</bulletPoint>
    </list>
    <bulletPoint>Item four</bulletPoint>
  </list>

</page>