<?xml version="1.0" encoding="UTF-8"?>
<?xml-stylesheet type="text/css" href="ch17_eg01.css"?>
<article>
  <title>Styling XML documents with CSS</title>
  <section>
    <title>Introduction</title>
    <para>This article addresses how we can use this separate language, 
      CSS, to style XML documents. Some of the things we will see in this 
      chapter are only starting to be supported in browsers, so the chapter 
      will not only take you to the limits of what is possible with CSS in browsers
      now, but also whet your appetite for what will be possible in the near 
      future.</para>
    <para>The topics covered in this article include:</para>
    <itemizedlist>
      <listitem>
        <para>How CSS works</para>
      </listitem>
      <listitem>
        <para>How to style XML documents with CSS</para>
      </listitem>
      <listitem>
        <para>Using CSS selectors to indicate which elements a 
          CSS rule applies to</para>
      </listitem>
      <listitem>
        <para>The box model that CSS is based upon</para>
      </listitem>
    </itemizedlist>
  </section>
</article>
