<?xml version="1.0"?>
<bib>
 <book year="1988"> 
  <title>The C Programming Language</title>
  <author><last>Kernighan</last><first>Brian</first></author>
  <author><last>Ritchie</last><first>Dennis</first></author>
  <publisher>Prentice Hall</publisher>
  <price> 44.20</price>
 </book>

 <book year="2004">
  <title>XSLT 2.0 Programmer's Reference</title>
  <author><last>Kay</last><first>Michael</first></author>
  <publisher>Wrox Press</publisher>
  <price>39.99</price>
 </book>

 <book year="2006">
  <title>Professional Web 2.0 Programming</title>
  <author><last>van der Vlist</last><first>Eric</first></author>
  <author><last>Ayers</last><first>Danny</first></author>
  <author><last>Bruchez</last><first>Eric</first></author>
  <author><last>Vernet</last><first>Alessandro</first></author>
  <author><last>Fawcett</last><first>Joe</first></author>
  <publisher>Wrox Press</publisher>
  <price>39.99</price>
 </book>

 <book year="2002">
  <title>The Economics of Technology and Content for Digital TV</title>
  <editor>
   <last>Gerbarg</last><first>Darcy</first>
   <affiliation>CITI</affiliation>
  </editor>
  <publisher>Kluwer Academic Publishers</publisher>
  <price>129.95</price>
 </book>

<book year="2007">
  <title>Beginning XML, 4th Edition</title>
  <author><last>Ayers</last><first>Danny</first></author>
  <author><last>Watt</last><first>Andrew</first></author>
  <author><last>Rafter</last><first>Jeff</first></author>
  <author><last>van der Vlist</last><first></first>Eric</author>
  <author><last>Duckett</last><first>John</first></author>
  <author><last>Fawcett</last><first>Joe</first></author>
  <publisher>Wrox Press</publisher>
  <price>TBA</price>
 </book>

</bib>
