<?xml version="1.0" encoding="UTF-8"?>
<myNewBib>
   <book year="2006">
      <title>Professional Web 2.0 Programming</title>
      <author>
         <last>van der Vlist</last>
         <first>Eric</first>
      </author>
      <author>
         <last>Ayers</last>
         <first>Danny</first>
      </author>
      <author>
         <last>Fawcett</last>
         <first>Joe</first>
      </author>
      <author>
         <last>Vernet</last>
         <first>Alessandro</first>
      </author>
      <publisher>Wrox Press</publisher>
      <price>39.99</price>
   </book>
   <book year="2007">
      <title>Beginning XML, 4th Edition</title>
      <author>
         <last>Ayers</last>
         <first>Danny</first>
      </author>
      <author>
         <last>Watt</last>
         <first>Andrew</first>
      </author>
      <author>
         <last>Rafter</last>
         <first>Jeff</first>
      </author>
      <author>
         <last>van der Vlist</last>
         <first/>Eric</author>
      <author>
         <last>Duckett</last>
         <first>John</first>
      </author>
      <author>
         <last>Fawcett</last>
         <first>Joe</first>
      </author>
      <publisher>Wrox Press</publisher>
      <price>TBA</price>
   </book>
</myNewBib>