<?xml version="1.0" encoding="UTF-8"?>
<items>
   <group/>
   <group/>
   <group>
      <item>1</item>
   </group>
   <group>
      <item>1</item>
      <item>2</item>
   </group>
   <group>
      <item>1</item>
      <item>2</item>
      <item>3</item>
   </group>
   <group>
      <item>1</item>
      <item>2</item>
      <item>3</item>
      <item>4</item>
      <item>5</item>
   </group>
   <group>
      <item>1</item>
      <item>2</item>
      <item>3</item>
      <item>4</item>
      <item>5</item>
      <item>6</item>
   </group>
</items>