<Contacts>
  <Contact>
    <FirstName>Bruce</FirstName>
    <LastName>Willis</LastName>
    <Country>USA</Country>
  </Contact>
  <Contact>
    <FirstName>Stephen</FirstName>
    <LastName>Fry</LastName>
    <Country>UK</Country>
  </Contact>
  <Contact>
    <FirstName>Anne</FirstName>
    <LastName>Hathaway</LastName>
    <Country>USA</Country>
  </Contact>
  <Contact>
    <FirstName>Etienne</FirstName>
    <LastName>Pradier</LastName>
    <Country>France</Country>
  </Contact>
  <Contact>
    <FirstName>Bill</FirstName>
    <LastName>Gates</LastName>
    <Country>USA</Country>
  </Contact>
  <Contact>
    <FirstName>Kiera</FirstName>
    <LastName>Knightley</LastName>
    <Country>UK</Country>
  </Contact>
</Contacts>