<Orders CustomerId="abc123">
  <Order OrderId="ord1" OrderDate="2006-09-01">
    <Items>
      <Item ItemId="a1" Quantity="1" ItemPrice="2.00"></Item>
      <Item ItemId="b2" Quantity="1" ItemPrice="3.00"></Item>
      <Item ItemId="c3" Quantity="2" ItemPrice="1.50"></Item>
    </Items>
  </Order>
  <Order OrderId="ord2" OrderDate="2006-10-30">
    <Items>
      <Item ItemId="a1" Quantity="2" ItemPrice="2.00"></Item>
      <Item ItemId="d4" Quantity="2" ItemPrice="1.00"></Item>
      <Item ItemId="e5" Quantity="1" ItemPrice="3.50"></Item>
      <Item ItemId="h8" Quantity="1" ItemPrice="5.00"></Item>
    </Items>
  </Order>
  <Order OrderId="ord3" OrderDate="2006-11-19">
    <Items>
      <Item ItemId="e5" Quantity="3" ItemPrice="3.50"></Item>
      <Item ItemId="f6" Quantity="1" ItemPrice="4.00"></Item>
    </Items>
  </Order>
</Orders>