<People>
  <Person>
   <Name>Winston Churchill</Name>
   <Description>Winston Churchill was a mid 20th Century British politician who became famous as Prime Minister during the Second World War.</Description>
  </Person>
  <Person>
   <Name>Indira Gandhi</Name>
   <Description>Indira Gandhi was India's first female prime minister and was assassinated in 1984.</Description>
  </Person>
  <Person>
   <Name>John F. Kennedy</Name>
   <Description>JFK, as he was affectionately known, was a United States President who was assassinated in Dallas, Texas.</Description>
  </Person>
</People>
