<?xml version="1.0"?>
<train>
  <car type="Engine">
    <color>Black</color>
    <weight>512 tons</weight>
    <length>60 feet</length>
    <occupants>3</occupants>
  </car>
  <car type="Baggage">
    <color>Green</color>
    <weight>80 tons</weight>
    <length>40 feet</length>
    <occupants>0</occupants>
  </car>
  <car type="Passenger">
    <color>Green and Yellow</color>
    <weight>40 tons</weight>
    <length>60 feet</length>
    <occupants>23</occupants>
  </car>
  <car type="Caboose">
    <color>Green</color>
    <weight>90 tons</weight>
    <length>30 feet</length>
    <occupants>4</occupants>
  </car>
</train>
