﻿<Orders>
  <Order>
    <PurchaseOrderID>4007</PurchaseOrderID>
    <Status>2</Status>
    <EmployeeID>164</EmployeeID>
    <VendorID>102</VendorID>
    <ShipMethodID>3</ShipMethodID>
    <OrderDate>2004-04-01T00:00:00</OrderDate>
    <ShipDate>2004-04-26T00:00:00</ShipDate>
    <SubTotal>554020.0000</SubTotal>
    <TaxAmt>44321.6000</TaxAmt>
    <Freight>11080.4000</Freight>
    <TotalDue>609422.0000</TotalDue>
  </Order>
  <Order>
    <PurchaseOrderID>4008</PurchaseOrderID>
    <Status>2</Status>
    <EmployeeID>244</EmployeeID>
    <VendorID>95</VendorID>
    <ShipMethodID>3</ShipMethodID>
    <OrderDate>2004-05-23T00:00:00</OrderDate>
    <ShipDate>2004-06-17T00:00:00</ShipDate>
    <SubTotal>396729.0000</SubTotal>
    <TaxAmt>31738.3200</TaxAmt>
    <Freight>7934.5800</Freight>
    <TotalDue>436401.9000</TotalDue>
  </Order>
  <Order>
    <PurchaseOrderID>4012</PurchaseOrderID>
    <Status>2</Status>
    <EmployeeID>231</EmployeeID>
    <VendorID>29</VendorID>
    <ShipMethodID>3</ShipMethodID>
    <OrderDate>2004-07-25T00:00:00</OrderDate>
    <ShipDate>2004-08-19T00:00:00</ShipDate>
    <SubTotal>997680.0000</SubTotal>
    <TaxAmt>79814.4000</TaxAmt>
    <Freight>19953.6000</Freight>
    <TotalDue>1097448.0000</TotalDue>
  </Order>
</Orders>