﻿<Orders>
  <Order PurchaseOrderID="4007" Status="2" EmployeeID="164" VendorID="102" ShipMethodID="3" SubTotal="554020.0000" TaxAmt="44321.6000" Freight="11080.4000" TotalDue="609422.0000">
    <Dates>
      <Order>2004-04-01T00:00:00</Order>
      <Ship>2004-04-26T00:00:00</Ship>
    </Dates>
    <OrderDetails>
      <OrderDetail>
        <OrderQty>5000</OrderQty>
        <ProductID>849</ProductID>
        <UnitPrice>24.7500</UnitPrice>
      </OrderDetail>
      <OrderDetail>
        <OrderQty>5000</OrderQty>
        <ProductID>850</ProductID>
        <UnitPrice>24.7500</UnitPrice>
      </OrderDetail>
      <OrderDetail>
        <OrderQty>5000</OrderQty>
        <ProductID>851</ProductID>
        <UnitPrice>24.7500</UnitPrice>
      </OrderDetail>
      <OrderDetail>
        <OrderQty>750</OrderQty>
        <ProductID>852</ProductID>
        <UnitPrice>30.9400</UnitPrice>
      </OrderDetail>
      <OrderDetail>
        <OrderQty>750</OrderQty>
        <ProductID>853</ProductID>
        <UnitPrice>30.9400</UnitPrice>
      </OrderDetail>
      <OrderDetail>
        <OrderQty>750</OrderQty>
        <ProductID>854</ProductID>
        <UnitPrice>30.9400</UnitPrice>
      </OrderDetail>
      <OrderDetail>
        <OrderQty>1050</OrderQty>
        <ProductID>855</ProductID>
        <UnitPrice>37.1000</UnitPrice>
      </OrderDetail>
      <OrderDetail>
        <OrderQty>1000</OrderQty>
        <ProductID>856</ProductID>
        <UnitPrice>37.1000</UnitPrice>
      </OrderDetail>
      <OrderDetail>
        <OrderQty>1000</OrderQty>
        <ProductID>857</ProductID>
        <UnitPrice>37.1000</UnitPrice>
      </OrderDetail>
    </OrderDetails>
  </Order>
  <Order PurchaseOrderID="4008" Status="2" EmployeeID="244" VendorID="95" ShipMethodID="3" SubTotal="396729.0000" TaxAmt="31738.3200" Freight="7934.5800" TotalDue="436401.9000">
    <Dates>
      <Order>2004-05-23T00:00:00</Order>
      <Ship>2004-06-17T00:00:00</Ship>
    </Dates>
    <OrderDetails>
      <OrderDetail>
        <OrderQty>700</OrderQty>
        <ProductID>858</ProductID>
        <UnitPrice>9.1500</UnitPrice>
      </OrderDetail>
      <OrderDetail>
        <OrderQty>700</OrderQty>
        <ProductID>859</ProductID>
        <UnitPrice>9.1500</UnitPrice>
      </OrderDetail>
      <OrderDetail>
        <OrderQty>700</OrderQty>
        <ProductID>860</ProductID>
        <UnitPrice>9.1500</UnitPrice>
      </OrderDetail>
      <OrderDetail>
        <OrderQty>900</OrderQty>
        <ProductID>861</ProductID>
        <UnitPrice>15.6700</UnitPrice>
      </OrderDetail>
      <OrderDetail>
        <OrderQty>900</OrderQty>
        <ProductID>862</ProductID>
        <UnitPrice>15.6700</UnitPrice>
      </OrderDetail>
      <OrderDetail>
        <OrderQty>900</OrderQty>
        <ProductID>863</ProductID>
        <UnitPrice>15.6700</UnitPrice>
      </OrderDetail>
      <OrderDetail>
        <OrderQty>1250</OrderQty>
        <ProductID>864</ProductID>
        <UnitPrice>23.7500</UnitPrice>
      </OrderDetail>
      <OrderDetail>
        <OrderQty>1250</OrderQty>
        <ProductID>865</ProductID>
        <UnitPrice>23.7500</UnitPrice>
      </OrderDetail>
      <OrderDetail>
        <OrderQty>1250</OrderQty>
        <ProductID>866</ProductID>
        <UnitPrice>23.7500</UnitPrice>
      </OrderDetail>
      <OrderDetail>
        <OrderQty>1250</OrderQty>
        <ProductID>865</ProductID>
        <UnitPrice>23.7500</UnitPrice>
      </OrderDetail>
      <OrderDetail>
        <OrderQty>1250</OrderQty>
        <ProductID>866</ProductID>
        <UnitPrice>23.7500</UnitPrice>
      </OrderDetail>
      <OrderDetail>
        <OrderQty>2000</OrderQty>
        <ProductID>867</ProductID>
        <UnitPrice>26.1800</UnitPrice>
      </OrderDetail>
      <OrderDetail>
        <OrderQty>2000</OrderQty>
        <ProductID>868</ProductID>
        <UnitPrice>26.1800</UnitPrice>
      </OrderDetail>
      <OrderDetail>
        <OrderQty>1250</OrderQty>
        <ProductID>865</ProductID>
        <UnitPrice>23.7500</UnitPrice>
      </OrderDetail>
      <OrderDetail>
        <OrderQty>2000</OrderQty>
        <ProductID>869</ProductID>
        <UnitPrice>26.1800</UnitPrice>
      </OrderDetail>
    </OrderDetails>
  </Order>
  <Order PurchaseOrderID="4012" Status="2" EmployeeID="231" VendorID="29" ShipMethodID="3" SubTotal="997680.0000" TaxAmt="79814.4000" Freight="19953.6000" TotalDue="1097448.0000">
    <Dates>
      <Order>2004-07-25T00:00:00</Order>
      <Ship>2004-08-19T00:00:00</Ship>
    </Dates>
    <OrderDetails>
      <OrderDetail>
        <OrderQty>6000</OrderQty>
        <ProductID>881</ProductID>
        <UnitPrice>41.5700</UnitPrice>
      </OrderDetail>
      <OrderDetail>
        <OrderQty>6000</OrderQty>
        <ProductID>882</ProductID>
        <UnitPrice>41.5700</UnitPrice>
      </OrderDetail>
      <OrderDetail>
        <OrderQty>6000</OrderQty>
        <ProductID>883</ProductID>
        <UnitPrice>41.5700</UnitPrice>
      </OrderDetail>
      <OrderDetail>
        <OrderQty>6000</OrderQty>
        <ProductID>884</ProductID>
        <UnitPrice>41.5700</UnitPrice>
      </OrderDetail>
    </OrderDetails>
  </Order>
</Orders>