﻿<Orders>
  <PurchaseOrderHeader PurchaseOrderID="4007" Status="2" EmployeeID="164" VendorID="102" ShipMethodID="3" OrderDate="2004-04-01T00:00:00" ShipDate="2004-04-26T00:00:00" SubTotal="554020.0000" TaxAmt="44321.6000" Freight="11080.4000" TotalDue="609422.0000">
    <PurchaseOrderDetail OrderQty="5000" ProductID="849" UnitPrice="24.7500" />
    <PurchaseOrderDetail OrderQty="5000" ProductID="850" UnitPrice="24.7500" />
    <PurchaseOrderDetail OrderQty="5000" ProductID="851" UnitPrice="24.7500" />
    <PurchaseOrderDetail OrderQty="750" ProductID="852" UnitPrice="30.9400" />
    <PurchaseOrderDetail OrderQty="750" ProductID="853" UnitPrice="30.9400" />
    <PurchaseOrderDetail OrderQty="750" ProductID="854" UnitPrice="30.9400" />
    <PurchaseOrderDetail OrderQty="1050" ProductID="855" UnitPrice="37.1000" />
    <PurchaseOrderDetail OrderQty="1000" ProductID="856" UnitPrice="37.1000" />
    <PurchaseOrderDetail OrderQty="1000" ProductID="857" UnitPrice="37.1000" />
  </PurchaseOrderHeader>
  <PurchaseOrderHeader PurchaseOrderID="4008" Status="2" EmployeeID="244" VendorID="95" ShipMethodID="3" OrderDate="2004-05-23T00:00:00" ShipDate="2004-06-17T00:00:00" SubTotal="396729.0000" TaxAmt="31738.3200" Freight="7934.5800" TotalDue="436401.9000">
    <PurchaseOrderDetail OrderQty="700" ProductID="858" UnitPrice="9.1500" />
    <PurchaseOrderDetail OrderQty="700" ProductID="859" UnitPrice="9.1500" />
    <PurchaseOrderDetail OrderQty="700" ProductID="860" UnitPrice="9.1500" />
    <PurchaseOrderDetail OrderQty="900" ProductID="861" UnitPrice="15.6700" />
    <PurchaseOrderDetail OrderQty="900" ProductID="862" UnitPrice="15.6700" />
    <PurchaseOrderDetail OrderQty="900" ProductID="863" UnitPrice="15.6700" />
    <PurchaseOrderDetail OrderQty="1250" ProductID="864" UnitPrice="23.7500" />
    <PurchaseOrderDetail OrderQty="1250" ProductID="865" UnitPrice="23.7500" />
    <PurchaseOrderDetail OrderQty="1250" ProductID="866" UnitPrice="23.7500" />
    <PurchaseOrderDetail OrderQty="1250" ProductID="865" UnitPrice="23.7500" />
    <PurchaseOrderDetail OrderQty="1250" ProductID="866" UnitPrice="23.7500" />
    <PurchaseOrderDetail OrderQty="2000" ProductID="867" UnitPrice="26.1800" />
    <PurchaseOrderDetail OrderQty="2000" ProductID="868" UnitPrice="26.1800" />
    <PurchaseOrderDetail OrderQty="1250" ProductID="865" UnitPrice="23.7500" />
    <PurchaseOrderDetail OrderQty="2000" ProductID="869" UnitPrice="26.1800" />
  </PurchaseOrderHeader>
  <PurchaseOrderHeader PurchaseOrderID="4012" Status="2" EmployeeID="231" VendorID="29" ShipMethodID="3" OrderDate="2004-07-25T00:00:00" ShipDate="2004-08-19T00:00:00" SubTotal="997680.0000" TaxAmt="79814.4000" Freight="19953.6000" TotalDue="1097448.0000">
    <PurchaseOrderDetail OrderQty="6000" ProductID="881" UnitPrice="41.5700" />
    <PurchaseOrderDetail OrderQty="6000" ProductID="882" UnitPrice="41.5700" />
    <PurchaseOrderDetail OrderQty="6000" ProductID="883" UnitPrice="41.5700" />
    <PurchaseOrderDetail OrderQty="6000" ProductID="884" UnitPrice="41.5700" />
  </PurchaseOrderHeader>
</Orders>