<?xml version="1.0"?>

<feed xmlns="http://www.w3.org/2005/Atom">
   <link rel="self" href="http://example.org/blog/index.atom"/>
   <id>http://example.org/blog/index.atom</id>
   <icon>../favicon.ico</icon>
   <title>An Atom Sampler</title>
   <subtitle>No Splitting</subtitle>
   <author>
      <name>Ernie Rutherford </name>
      <email>ernie@example.org</email>
      <uri>.</uri>
   </author>
   <updated>2006-10-25T03:38:08-04:00</updated>
   <link href="."/>
   <entry>
      <id>tag:example.org,2004:2417</id>
      <link href="2006/10/23/moonshine"/>
      <title>Moonshine</title>
      <content type="text">
           Anyone who expects a source of power from the transformation of the atom is talking moonshine.
      </content>
      <published>2006-10-23T15:33:00-04:00</published>
      <updated>2006-10-23T15:47:31-04:00</updated>
   </entry>
   <entry>
      <id>>tag:example.org,2004:2416</id>
      <link href="2006/10/21/think"/>
      <title type="html">&lt;strong&gt;Think!&lt;/strong&gt;</title>
      <content type="xhtml">
         <div xmlns="http://www.w3.org/1999/xhtml">
            <p>We haven't got the money, so we've got to think!</p>
         </div>
      </content>
      <updated>2006-10-21T06:02:39-04:00</updated>
   </entry>
</feed>
