<?xml version="1.0"?>
<!DOCTYPE contacts PUBLIC "-//Beginning XML//DTD Contact Example//EN" "contacts1.dtd">
<contacts>
  <contact>
    <name>
      <first>Jeff</first>
      <middle>Craig</middle>
      <last>Rafter</last>
    </name>
    <location>
      <latitude>34.031892</latitude>
      <longitude>-117.207642</longitude>
    </location>
    <phone>001-909-555-1212</phone>
    <knows>David Hunter, Danny Ayers</knows>
    <description>Jeff is a developer and author for Beginning XML <em>4th edition</em>.<br/>Jeff <strong>loves</strong> XML!</description>
  </contact>
</contacts>

