<?xml version="1.0"?>
<!DOCTYPE contacts PUBLIC "-//Beginning XML//DTD Contact Example//EN" "contacts2.dtd">
<contacts>
  <contact>
    <name>
      <first>Jeff</first>
      <first>Craig</first>
      <last>Rafter</last>
    </name>
    <location>
      <address>Redlands, CA, USA</address>
      <latitude>34.031892</latitude>
      <longitude>-117.207642</longitude>
    </location>
    <phone>001-909-555-1212</phone>
    <knows>David Hunter, Danny Ayers</knows>
    <description>Jeff is a developer and author for Beginning XML <em>4th edition</em>.<br/>Jeff <strong>loves</strong> XML!</description>
  </contact>
  <contact>
    <name>
      <first>David</first>
      <last>Hunter</last>
    </name>
    <location>
      <address>Address is not known</address>
    </location>
    <phone>416 555 1212</phone>
    <knows>Jeff Rafter, Danny Ayers</knows>
    <description>Senior Technical Consultant for CGI.</description>
  </contact>
  <contact>
    <name>
      <first>Daniel</first>
      <middle>John</middle>
      <last>Ayers</last>
    </name>
    <location>
      <latitude>43.847156</latitude>
      <longitude>10.50808</longitude>
      <address>Mozzanella, 7 Castiglione di Garfagnana, 55033 Lucca Italy</address>
    </location>
    <phone>+39-0555-11-22-33-</phone>
    <knows>Jeff Rafter, David Hunter</knows>
    <description>A Semantic Web developer and technical author specializing in cutting-edge technologies.</description>
  </contact>
</contacts>

