<?xml version="1.0"?>
<!DOCTYPE contacts PUBLIC "-//Beginning XML//DTD Contact Example//EN" "contacts5.dtd">
<contacts source="&source-text;" version="1.0">
  <contact person="Jeff_Rafter" tags="author xml poetry">
    <name>
      <first>Jeff</first>
      <first>Craig</first>
      <last>Rafter</last>
    </name>
    <location>
      <address>Redlands, CA, USA</address>
      <latitude>34.031892</latitude>
      <longitude>-117.207642</longitude>
    </location>
    <phone kind="Home">001-909-555-1212</phone>
    <knows contacts="David_Hunter Danny_Ayers"/>
    <description>&jeff-description;</description>
  </contact>
  <contact person="David_Hunter" tags="author consultant CGI">
    <name>
      <first>David</first>
      <last>Hunter</last>
    </name>
    <location>
      <address>&address-unknown;</address>
      &empty-gps;
    </location>
    <phone kind="Work">416 555 1212</phone>
    <knows contacts="Jeff_Rafter Danny_Ayers"/>
    <description>&david-description;</description>
  </contact>
  <contact person="Danny_Ayers" tags="author semantics animals">
    <name>
      <first>Daniel</first>
      <middle>John</middle>
      <last>Ayers</last>
    </name>
    <location>
      <latitude>43.847156</latitude>
      <longitude>10.50808</longitude>
      <address>Mozzanella, 7 Castiglione di Garfagnana, 55033 Lucca Italy</address>
    </location>
    <phone>+39-0555-11-22-33-</phone>
    <knows contacts="Jeff_Rafter David_Hunter"/>
    &danny-description;
  </contact>
</contacts>

