<?xml version="1.0"?>
<item id="2">
  <title>eXist: getting better with each release</title>
  <description>
    <p>There are two kind of software: those which get more complex and those which get easier to
      use with each new release...</p>
    <p>The first category makes me flee and after having played for a while with <a
        href="http://exist-db.org/">eXist</a> newest release ("<a
        href="http://prdownloads.sourceforge.net/exist/eXist-1.1.1-newcore-build4311.jar">eXist
        1.1.1-newcore</a>"), I am happy to report that the Open Source XML database definitely
      belongs to the first category!</p>
    <p>Exist now comes with a nifty installer and a couple of minutes after you've got your
      download, your database is up and ready to be accessed through a number of different methods
      including a simple web application, WEBDAV, xml-rpc and their very handy REST interface.</p>
  </description>
  <category>English</category>
  <category>XML</category>
  <pubDate>2006-11-13T18:07:58+01:00</pubDate>
  <comment-count>0</comment-count>
</item>
