<?xml version="1.0"?>
<item id="1">
  <title>Working on Beginning XML</title>
  <description>
    <p>
      <a href="http://www.wrox.com/WileyCDA/WroxTitle/productCd-0764570773.html">
        <img src="http://media.wiley.com/product_data/coverImage/73/07645707/0764570773.jpg"
          align="left"/>
      </a> I am currently working on the next edition of <a
        href="http://www.wrox.com/WileyCDA/WroxTitle/productCd-0764570773.html">WROX's excellent
        "Beginning XML".</a>
    </p>
    <p>It's the first time I am working on editing a book that I haven't written and I must say that
      I like it even better than I had expected when I accepted WROX's offer.</p>
    <p>I knew that the book was solid and that I would be working with a team of very professional
      authors, but what I hadn't anticipated is how fun it can be to create a new version out of
      existing material. You have a lot of room to reorganize what you are editing and when the
      material is good, it's like creating your own stuff, except that 80% of the hard work is
      already done!</p>
  </description>
  <category>English</category>
  <category>XML</category>
  <category>Books/Livres</category>
  <pubDate>2006-11-13T17:32:01+01:00</pubDate>
  <comment-count>0</comment-count>
</item>
